vegas_team,espn_team,ncaa_team,silver_team_id,silver_team,benz_team,massey_team,paine_team,kenpom_team,logo_url,espn_logo_url
UConn Huskies,Connecticut,Connecticut,41.0,UConn,UConn,Connecticut,Connecticut,Connecticut,https://upload.wikimedia.org/wikipedia/en/thumb/b/b0/Connecticut_Huskies_logo.svg/192px-Connecticut_Huskies_logo.svg.png,https://a.espncdn.com/combiner/i?img=/i/teamlogos/ncaa/500/41.png
Houston Cougars,Houston,Houston,248.0,Houston,Houston,Houston,Houston,Houston,https://upload.wikimedia.org/wikipedia/commons/thumb/e/e8/Houston_Cougars_primary_logo.svg/252px-Houston_Cougars_primary_logo.svg.png,https://a.espncdn.com/combiner/i?img=/i/teamlogos/ncaa/500/248.png
Purdue Boilermakers,Purdue,Purdue,2509.0,Purdue,Purdue,Purdue,Purdue,Purdue,https://upload.wikimedia.org/wikipedia/commons/thumb/3/35/Purdue_Boilermakers_logo.svg/320px-Purdue_Boilermakers_logo.svg.png,https://a.espncdn.com/combiner/i?img=/i/teamlogos/ncaa/500/2509.png
Arizona Wildcats,Arizona,Arizona,12.0,Arizona,Arizona,Arizona,Arizona,Arizona,https://upload.wikimedia.org/wikipedia/commons/thumb/3/34/Arizona_Wildcats_logo.svg/200px-Arizona_Wildcats_logo.svg.png,https://a.espncdn.com/combiner/i?img=/i/teamlogos/ncaa/500/12.png
Tennessee Volunteers,Tennessee,Tennessee,2633.0,Tennessee,Tennessee,Tennessee,Tennessee,Tennessee,https://upload.wikimedia.org/wikipedia/commons/thumb/e/e3/Tennessee_Volunteers_logo.svg/240px-Tennessee_Volunteers_logo.svg.png,https://a.espncdn.com/combiner/i?img=/i/teamlogos/ncaa/500/2633.png
North Carolina Tar Heels,North Carolina,North Carolina,153.0,North Carolina,North Carolina,North Carolina,North Carolina,North Carolina,https://upload.wikimedia.org/wikipedia/commons/thumb/d/d7/North_Carolina_Tar_Heels_logo.svg/304px-North_Carolina_Tar_Heels_logo.svg.png,https://a.espncdn.com/combiner/i?img=/i/teamlogos/ncaa/500/153.png
Duke Blue Devils,Duke,Duke,150.0,Duke,Duke,Duke,Duke,Duke,https://upload.wikimedia.org/wikipedia/commons/thumb/e/e1/Duke_Athletics_logo.svg/200px-Duke_Athletics_logo.svg.png,https://a.espncdn.com/combiner/i?img=/i/teamlogos/ncaa/500/150.png
Creighton Bluejays,Creighton,Creighton,156.0,Creighton,Creighton,Creighton,Creighton,Creighton,https://upload.wikimedia.org/wikipedia/en/thumb/6/6f/Creighton_Bluejays_logo.svg/238px-Creighton_Bluejays_logo.svg.png,https://a.espncdn.com/combiner/i?img=/i/teamlogos/ncaa/500/156.png
Marquette Golden Eagles,Marquette,Marquette,269.0,Marquette,Marquette,Marquette,Marquette,Marquette,https://upload.wikimedia.org/wikipedia/commons/thumb/e/e8/Marquette_Golden_Eagles_logo.svg/320px-Marquette_Golden_Eagles_logo.svg.png,https://a.espncdn.com/combiner/i?img=/i/teamlogos/ncaa/500/269.png
Auburn Tigers,Auburn,Auburn,2.0,Auburn,Auburn,Auburn,Auburn,Auburn,https://upload.wikimedia.org/wikipedia/commons/thumb/1/15/Auburn_Tigers_logo.svg/200px-Auburn_Tigers_logo.svg.png,https://a.espncdn.com/combiner/i?img=/i/teamlogos/ncaa/500/2.png
Illinois Fighting Illini,Illinois,Illinois,356.0,Illinois,Illinois,Illinois,Illinois,Illinois,https://upload.wikimedia.org/wikipedia/commons/thumb/9/91/Illinois_Fighting_Illini_logo.svg/166px-Illinois_Fighting_Illini_logo.svg.png,https://a.espncdn.com/combiner/i?img=/i/teamlogos/ncaa/500/356.png
Alabama Crimson Tide,Alabama,Alabama,333.0,Alabama,Alabama,Alabama,Alabama,Alabama,https://upload.wikimedia.org/wikipedia/commons/thumb/1/1b/Alabama_Crimson_Tide_logo.svg/200px-Alabama_Crimson_Tide_logo.svg.png,https://a.espncdn.com/combiner/i?img=/i/teamlogos/ncaa/500/333.png
Iowa State Cyclones,Iowa St.,Iowa State,66.0,Iowa St.,Iowa St.,Iowa St,Iowa St.,Iowa St.,https://upload.wikimedia.org/wikipedia/commons/thumb/f/f9/Iowa_State_Cyclones_logo.svg/320px-Iowa_State_Cyclones_logo.svg.png,https://a.espncdn.com/combiner/i?img=/i/teamlogos/ncaa/500/66.png
Kansas Jayhawks,Kansas,Kansas,2305.0,Kansas,Kansas,Kansas,Kansas,Kansas,https://upload.wikimedia.org/wikipedia/commons/thumb/9/90/Kansas_Jayhawks_1946_logo.svg/1920px-Kansas_Jayhawks_1946_logo.svg.png,https://a.espncdn.com/combiner/i?img=/i/teamlogos/ncaa/500/2305.png
Baylor Bears,Baylor,Baylor,239.0,Baylor,Baylor,Baylor,Baylor,Baylor,https://upload.wikimedia.org/wikipedia/commons/thumb/b/b0/2018_Baylor_Athletics_Logo.png/208px-2018_Baylor_Athletics_Logo.png,https://a.espncdn.com/combiner/i?img=/i/teamlogos/ncaa/500/239.png
Kentucky Wildcats,Kentucky,Kentucky,96.0,Kentucky,Kentucky,Kentucky,Kentucky,Kentucky,https://upload.wikimedia.org/wikipedia/commons/thumb/b/b6/Kentucky_Wildcats_logo.svg/293px-Kentucky_Wildcats_logo.svg.png,https://a.espncdn.com/combiner/i?img=/i/teamlogos/ncaa/500/96.png
BYU Cougars,BYU,BYU,252.0,BYU,BYU,BYU,BYU,BYU,https://upload.wikimedia.org/wikipedia/commons/thumb/9/95/BYU_Cougars_logo.svg/320px-BYU_Cougars_logo.svg.png,https://a.espncdn.com/combiner/i?img=/i/teamlogos/ncaa/500/252.png
Florida Gators,Florida,Florida,57.0,Florida,Florida,Florida,Florida,Florida,https://upload.wikimedia.org/wikipedia/en/thumb/1/14/Florida_Gators_gator_logo.svg/320px-Florida_Gators_gator_logo.svg.png,https://a.espncdn.com/combiner/i?img=/i/teamlogos/ncaa/500/57.png
Michigan St Spartans,Michigan St.,Michigan State,127.0,Michigan St.,Michigan St.,Michigan St,Michigan St.,Michigan St.,https://upload.wikimedia.org/wikipedia/en/thumb/a/a7/Michigan_State_Athletics_logo.svg/208px-Michigan_State_Athletics_logo.svg.png,https://a.espncdn.com/combiner/i?img=/i/teamlogos/ncaa/500/127.png
San Diego St Aztecs,San Diego St.,San Diego St.,21.0,San Diego St.,San Diego St.,San Diego St,San Diego St.,San Diego St.,https://upload.wikimedia.org/wikipedia/commons/thumb/7/7c/San_Diego_State_Aztecs_logo.svg/320px-San_Diego_State_Aztecs_logo.svg.png,https://a.espncdn.com/combiner/i?img=/i/teamlogos/ncaa/500/21.png
Gonzaga Bulldogs,Gonzaga,Gonzaga,2250.0,Gonzaga,Gonzaga,Gonzaga,Gonzaga,Gonzaga,https://upload.wikimedia.org/wikipedia/en/thumb/b/bd/Gonzaga_Bulldogs_logo.svg/301px-Gonzaga_Bulldogs_logo.svg.png,https://a.espncdn.com/combiner/i?img=/i/teamlogos/ncaa/500/2250.png
Saint Mary's Gaels,Saint Mary's,Saint Mary's,2608.0,Saint Mary's (CA),Saint Mary's (CA),St Mary's CA,Saint Mary's,Saint Mary's,https://upload.wikimedia.org/wikipedia/commons/thumb/7/7c/Saint_Mary%27s_College_Gaels_logo.svg/300px-Saint_Mary%27s_College_Gaels_logo.svg.png,https://a.espncdn.com/combiner/i?img=/i/teamlogos/ncaa/500/2608.png
Washington St Cougars,Washington St,Washington St,265.0,Washington State,Washington St.,Washington St,,,https://upload.wikimedia.org/wikipedia/en/thumb/0/07/Washington_State_Cougars_logo.svg/252px-Washington_State_Cougars_logo.svg.png,https://a.espncdn.com/combiner/i?img=/i/teamlogos/ncaa/500/265.png
South Carolina Gamecocks,South Carolina,South Carolina,2579.0,South Carolina,South Carolina,South Carolina,,,https://upload.wikimedia.org/wikipedia/commons/thumb/9/94/South_Carolina_Gamecocks_logo.svg/219px-South_Carolina_Gamecocks_logo.svg.png,https://a.espncdn.com/combiner/i?img=/i/teamlogos/ncaa/500/2579.png
Mississippi St Bulldogs,Mississippi St.,Mississippi St.,344.0,Mississippi St.,Mississippi St.,Mississippi St,Mississippi St.,Mississippi St.,https://upload.wikimedia.org/wikipedia/commons/thumb/3/36/Mississippi_State_Bulldogs_logo.svg/320px-Mississippi_State_Bulldogs_logo.svg.png,https://a.espncdn.com/combiner/i?img=/i/teamlogos/ncaa/500/344.png
Clemson Tigers,Clemson,Clemson,228.0,Clemson,Clemson,Clemson,Clemson,Clemson,https://upload.wikimedia.org/wikipedia/commons/thumb/7/72/Clemson_Tigers_logo.svg/251px-Clemson_Tigers_logo.svg.png,https://a.espncdn.com/combiner/i?img=/i/teamlogos/ncaa/500/228.png
Texas Tech Red Raiders,Texas Tech,Texas Tech,2641.0,Texas Tech,Texas Tech,Texas Tech,Texas Tech,Texas Tech,https://upload.wikimedia.org/wikipedia/commons/thumb/4/4e/Texas_Tech_Athletics_logo.svg/207px-Texas_Tech_Athletics_logo.svg.png,https://a.espncdn.com/combiner/i?img=/i/teamlogos/ncaa/500/2641.png
TCU Horned Frogs,TCU,TCU,2628.0,TCU,TCU,TCU,,,https://upload.wikimedia.org/wikipedia/commons/thumb/1/15/TCU_Horned_Frogs_logo.svg/320px-TCU_Horned_Frogs_logo.svg.png,https://a.espncdn.com/combiner/i?img=/i/teamlogos/ncaa/500/2628.png
Wisconsin Badgers,Wisconsin,Wisconsin,275.0,Wisconsin,Wisconsin,Wisconsin,Wisconsin,Wisconsin,https://upload.wikimedia.org/wikipedia/commons/thumb/e/e5/Wisconsin_Badgers_logo.svg/254px-Wisconsin_Badgers_logo.svg.png,https://a.espncdn.com/combiner/i?img=/i/teamlogos/ncaa/500/275.png
Utah State Aggies,Utah St.,Utah State,328.0,Utah St.,Utah St.,Utah St,Utah St.,Utah St.,https://upload.wikimedia.org/wikipedia/commons/thumb/5/59/Utah_State_Aggies_logo.svg/317px-Utah_State_Aggies_logo.svg.png,https://a.espncdn.com/combiner/i?img=/i/teamlogos/ncaa/500/328.png
Florida Atlantic Owls,FAU,FAU,2226.0,Florida Atlantic,Fla. Atlantic,FL Atlantic,,,https://upload.wikimedia.org/wikipedia/en/thumb/4/40/Florida_Atlantic_Owls_logo.svg/320px-Florida_Atlantic_Owls_logo.svg.png,https://a.espncdn.com/combiner/i?img=/i/teamlogos/ncaa/500/2226.png
Colorado Buffaloes,Colorado,Colorado,38.0,Colorado,Colorado,Colorado,,,https://upload.wikimedia.org/wikipedia/en/thumb/d/d3/Colorado_Buffaloes_logo.svg/320px-Colorado_Buffaloes_logo.svg.png,https://a.espncdn.com/combiner/i?img=/i/teamlogos/ncaa/500/38.png
Texas Longhorns,Texas,Texas,251.0,Texas,Texas,Texas,Texas,Texas,https://upload.wikimedia.org/wikipedia/commons/thumb/8/8d/Texas_Longhorns_logo.svg/320px-Texas_Longhorns_logo.svg.png,https://a.espncdn.com/combiner/i?img=/i/teamlogos/ncaa/500/251.png
New Mexico Lobos,New Mexico,New Mexico,167.0,New Mexico,New Mexico,New Mexico,New Mexico,New Mexico,https://upload.wikimedia.org/wikipedia/en/thumb/4/45/New_Mexico_Lobos_logo.svg/195px-New_Mexico_Lobos_logo.svg.png,https://a.espncdn.com/combiner/i?img=/i/teamlogos/ncaa/500/167.png
Dayton Flyers,Dayton,Dayton,2168.0,Dayton,Dayton,Dayton,,,https://upload.wikimedia.org/wikipedia/commons/thumb/d/d0/Dayton_Flyers_logo.svg/320px-Dayton_Flyers_logo.svg.png,https://a.espncdn.com/combiner/i?img=/i/teamlogos/ncaa/500/2168.png
Villanova Wildcats,Villanova,Villanova,,,,,,,https://upload.wikimedia.org/wikipedia/commons/thumb/2/23/Villanova_Wildcats_logo.svg/269px-Villanova_Wildcats_logo.svg.png,https://a.espncdn.com/combiner/i?img=/i/teamlogos/ncaa/500/222.png
Oklahoma Sooners,Oklahoma,Oklahoma,,Oklahoma,Oklahoma,Oklahoma,Oklahoma,Oklahoma,https://upload.wikimedia.org/wikipedia/commons/thumb/6/61/Oklahoma_Sooners_logo.svg/186px-Oklahoma_Sooners_logo.svg.png,https://a.espncdn.com/combiner/i?img=/i/teamlogos/ncaa/500/201.png
Colorado St Rams,Colorado St.,Colorado St.,36.0,Colorado St.,Colorado St.,Colorado St,Colorado St.,Colorado St.,https://upload.wikimedia.org/wikipedia/en/thumb/1/14/Colorado_State_Rams_logo.svg/240px-Colorado_State_Rams_logo.svg.png,https://a.espncdn.com/combiner/i?img=/i/teamlogos/ncaa/500/36.png
Utah Utes,Utah,Utah,,,,,,,https://upload.wikimedia.org/wikipedia/commons/thumb/b/be/Utah_Utes_logo.svg/263px-Utah_Utes_logo.svg.png,https://a.espncdn.com/combiner/i?img=/i/teamlogos/ncaa/500/254.png
St. John's Red Storm,St. John's,St. John's,,St. John's,St. John's,St. John's,St. John's,St. John's,https://upload.wikimedia.org/wikipedia/commons/thumb/6/62/St._John%27s_Red_Storm_logo.svg/172px-St._John%27s_Red_Storm_logo.svg.png,https://a.espncdn.com/combiner/i?img=/i/teamlogos/ncaa/500/2599.png
Wake Forest Demon Deacons,Wake Forest,Wake Forest,,,,,,,https://upload.wikimedia.org/wikipedia/commons/thumb/1/1a/Wake_Forest_University_Athletic_logo.svg/320px-Wake_Forest_University_Athletic_logo.svg.png,https://a.espncdn.com/combiner/i?img=/i/teamlogos/ncaa/500/154.png
Northwestern Wildcats,Northwestern,Northwestern,77.0,Northwestern,Northwestern,Northwestern,,,https://upload.wikimedia.org/wikipedia/commons/thumb/7/7c/Northwestern_Wildcats_logo.svg/156px-Northwestern_Wildcats_logo.svg.png,https://a.espncdn.com/combiner/i?img=/i/teamlogos/ncaa/500/77.png
Nebraska Cornhuskers,Nebraska,Nebraska,158.0,Nebraska,Nebraska,Nebraska,,,https://upload.wikimedia.org/wikipedia/commons/thumb/e/e5/Nebraska_Cornhuskers_logo.svg/240px-Nebraska_Cornhuskers_logo.svg.png,https://a.espncdn.com/combiner/i?img=/i/teamlogos/ncaa/500/158.png
Nevada Wolf Pack,Nevada,Nevada,2440.0,Nevada,Nevada,Nevada,,,https://upload.wikimedia.org/wikipedia/en/thumb/2/21/Nevada_Wolf_Pack_logo.svg/320px-Nevada_Wolf_Pack_logo.svg.png,https://a.espncdn.com/combiner/i?img=/i/teamlogos/ncaa/500/2440.png
Boise State Broncos,Boise State,Boise State,68.0,Boise State,Boise St.,Boise St,,,https://upload.wikimedia.org/wikipedia/commons/thumb/6/61/Boise_State_%22B%22_logo.svg/150px-Boise_State_%22B%22_logo.svg.png,https://a.espncdn.com/combiner/i?img=/i/teamlogos/ncaa/500/68.png
Indiana St Sycamores,Indiana St.,Indiana St.,,,,,,,https://upload.wikimedia.org/wikipedia/commons/thumb/7/7f/Indiana_State_Sycamores_logo.svg/250px-Indiana_State_Sycamores_logo.svg.png,https://a.espncdn.com/combiner/i?img=/i/teamlogos/ncaa/500/282.png
Virginia Cavaliers,Virginia,Virginia,258.0,Virginia,Virginia,Virginia,,,https://upload.wikimedia.org/wikipedia/en/thumb/d/d1/Virginia_Cavaliers_sabre.svg/320px-Virginia_Cavaliers_sabre.svg.png,https://a.espncdn.com/combiner/i?img=/i/teamlogos/ncaa/500/258.png
Oregon Ducks,Oregon,Oregon,2483.0,Oregon,Oregon,Oregon,Oregon,Oregon,https://upload.wikimedia.org/wikipedia/commons/thumb/f/f8/Oregon_Ducks_logo.svg/290px-Oregon_Ducks_logo.svg.png,https://a.espncdn.com/combiner/i?img=/i/teamlogos/ncaa/500/2483.png
Cincinnati Bearcats,Cincinnati,Cincinnati,,,,,,,https://upload.wikimedia.org/wikipedia/commons/2/2c/Cincinnati_Bearcats_logo.svg,https://a.espncdn.com/combiner/i?img=/i/teamlogos/ncaa/500/2132.png
Pittsburgh Panthers,Pittsburgh,Pittsburgh,,,,,,,https://upload.wikimedia.org/wikipedia/commons/thumb/4/44/Pitt_Panthers_wordmark.svg/320px-Pitt_Panthers_wordmark.svg.png,https://a.espncdn.com/combiner/i?img=/i/teamlogos/ncaa/500/221.png
Butler Bulldogs,Butler,Butler,,,,,,,https://upload.wikimedia.org/wikipedia/en/thumb/0/06/Butler_Bulldogs_logo.svg/245px-Butler_Bulldogs_logo.svg.png,https://a.espncdn.com/combiner/i?img=/i/teamlogos/ncaa/500/2086.png
Texas A&M Aggies,Texas A&M,Texas A&M,245.0,Texas A&M,Texas A&M,Texas A&M,Texas A&M,Texas A&M,https://upload.wikimedia.org/wikipedia/commons/thumb/e/ee/Texas_A%26M_University_logo.svg/292px-Texas_A%26M_University_logo.svg.png,https://a.espncdn.com/combiner/i?img=/i/teamlogos/ncaa/500/245.png
Iowa Hawkeyes,Iowa,Iowa,,Iowa,Iowa,Iowa,,,https://upload.wikimedia.org/wikipedia/en/thumb/7/7b/Iowa_Hawkeyes_logo.svg/320px-Iowa_Hawkeyes_logo.svg.png,https://a.espncdn.com/combiner/i?img=/i/teamlogos/ncaa/500/2294.png
Minnesota Golden Gophers,Minnesota,Minnesota,,,Minnesota,,,,https://upload.wikimedia.org/wikipedia/commons/thumb/f/f9/Minnesota_Golden_Gophers_logo.svg/320px-Minnesota_Golden_Gophers_logo.svg.png,https://a.espncdn.com/combiner/i?img=/i/teamlogos/ncaa/500/135.png
Drake Bulldogs,Drake,Drake,2181.0,Drake,Drake,Drake,Drake,Drake,https://upload.wikimedia.org/wikipedia/commons/thumb/c/c7/Drake_Bulldogs_%22D%22_logo.svg/261px-Drake_Bulldogs_%22D%22_logo.svg.png,https://a.espncdn.com/combiner/i?img=/i/teamlogos/ncaa/500/2181.png
Bradley Braves,Bradley,Bradley,,,,,,,https://upload.wikimedia.org/wikipedia/commons/thumb/7/7b/Bradley_Braves_logo.svg/200px-Bradley_Braves_logo.svg.png,https://a.espncdn.com/combiner/i?img=/i/teamlogos/ncaa/500/71.png
Grand Canyon Antelopes,Grand Canyon,Grand Canyon,2253.0,Grand Canyon,Grand Canyon,Grand Canyon,Grand Canyon,Grand Canyon,https://upload.wikimedia.org/wikipedia/commons/thumb/c/cf/Grand_Canyon_Antelopes_logo.svg/320px-Grand_Canyon_Antelopes_logo.svg.png,https://a.espncdn.com/combiner/i?img=/i/teamlogos/ncaa/500/2253.png
McNeese Cowboys,McNeese,McNeese,2377.0,McNeese,McNeese,McNeese St,McNeese,McNeese,https://upload.wikimedia.org/wikipedia/en/thumb/f/f7/McNeese_State_Athletics_logo.svg/224px-McNeese_State_Athletics_logo.svg.png,https://a.espncdn.com/combiner/i?img=/i/teamlogos/ncaa/500/2377.png
UC Irvine Anteaters,UC Irvine,UC Irvine,,,,,,,https://upload.wikimedia.org/wikipedia/commons/thumb/b/b6/UC_Irvine_Anteaters_logo.svg/227px-UC_Irvine_Anteaters_logo.svg.png,https://a.espncdn.com/combiner/i?img=/i/teamlogos/ncaa/500/300.png
South Florida Bulls,South Fla.,South Florida,,,,,,,https://upload.wikimedia.org/wikipedia/en/thumb/c/c1/South_Florida_Bulls_logo.svg/300px-South_Florida_Bulls_logo.svg.png,https://a.espncdn.com/combiner/i?img=/i/teamlogos/ncaa/500/58.png
SMU Mustangs,SMU,SMU,,,,,,,https://upload.wikimedia.org/wikipedia/commons/thumb/3/33/SMU_Mustang_logo.svg/320px-SMU_Mustang_logo.svg.png,https://a.espncdn.com/combiner/i?img=/i/teamlogos/ncaa/500/2567.png
Providence Friars,Providence,Providence,,,,,,,https://upload.wikimedia.org/wikipedia/commons/5/5f/Providence_Friars_P_script_logo.gif,https://a.espncdn.com/combiner/i?img=/i/teamlogos/ncaa/500/2507.png
Ohio State Buckeyes,Ohio St.,Ohio State,,,,,,,https://upload.wikimedia.org/wikipedia/commons/thumb/c/c1/Ohio_State_Buckeyes_logo.svg/244px-Ohio_State_Buckeyes_logo.svg.png,https://a.espncdn.com/combiner/i?img=/i/teamlogos/ncaa/500/194.png
Stanford Cardinal,Stanford,Stanford,,,,,,,https://upload.wikimedia.org/wikipedia/commons/thumb/4/4b/Stanford_Cardinal_logo.svg/157px-Stanford_Cardinal_logo.svg.png,https://a.espncdn.com/combiner/i?img=/i/teamlogos/ncaa/500/24.png
Syracuse Orange,Syracuse,Syracuse,,,,,,,https://upload.wikimedia.org/wikipedia/commons/thumb/4/49/Syracuse_Orange_logo.svg/177px-Syracuse_Orange_logo.svg.png,https://a.espncdn.com/combiner/i?img=/i/teamlogos/ncaa/500/183.png
Virginia Tech Hokies,Virginia Tech,Virginia Tech,,,,,,,https://upload.wikimedia.org/wikipedia/commons/thumb/6/60/Virginia_Tech_Hokies_logo.svg/320px-Virginia_Tech_Hokies_logo.svg.png,https://a.espncdn.com/combiner/i?img=/i/teamlogos/ncaa/500/259.png
UCLA Bruins,UCLA,UCLA,,UCLA,UCLA,UCLA,UCLA,UCLA,https://upload.wikimedia.org/wikipedia/commons/thumb/e/ed/UCLA_Bruins_script.svg/320px-UCLA_Bruins_script.svg.png,https://a.espncdn.com/combiner/i?img=/i/teamlogos/ncaa/500/26.png
Ole Miss Rebels,Mississippi,Mississippi,,Ole Miss,Mississippi,Mississippi,Mississippi,Mississippi,https://upload.wikimedia.org/wikipedia/commons/thumb/b/bf/Ole_Miss_Rebels_logo.svg/320px-Ole_Miss_Rebels_logo.svg.png,https://a.espncdn.com/combiner/i?img=/i/teamlogos/ncaa/500/145.png
Georgia Bulldogs,Georgia,Georgia,,Georgia,,,Georgia,Georgia,https://upload.wikimedia.org/wikipedia/commons/thumb/8/80/Georgia_Athletics_logo.svg/320px-Georgia_Athletics_logo.svg.png,https://a.espncdn.com/combiner/i?img=/i/teamlogos/ncaa/500/61.png
Kansas St Wildcats,Kansas St.,Kansas St.,,,,,,,https://upload.wikimedia.org/wikipedia/en/thumb/e/e5/Kansas_State_Wildcats_logo.svg/320px-Kansas_State_Wildcats_logo.svg.png,https://a.espncdn.com/combiner/i?img=/i/teamlogos/ncaa/500/2306.png
Maryland Terrapins,Maryland,Maryland,,Maryland,Maryland,Maryland,Maryland,Maryland,https://upload.wikimedia.org/wikipedia/commons/thumb/a/a6/Maryland_Terrapins_logo.svg/219px-Maryland_Terrapins_logo.svg.png,https://a.espncdn.com/combiner/i?img=/i/teamlogos/ncaa/500/120.png
James Madison Dukes,James Madison,James Madison,256.0,James Madison,James Madison,James Madison,,,https://upload.wikimedia.org/wikipedia/commons/thumb/6/6d/James_Madison_University_Athletics_logo.svg/320px-James_Madison_University_Athletics_logo.svg.png,https://a.espncdn.com/combiner/i?img=/i/teamlogos/ncaa/500/256.png
Yale Bulldogs,Yale,Yale,43.0,Yale,Yale,Yale,Yale,Yale,https://upload.wikimedia.org/wikipedia/commons/thumb/2/2b/Yale_Bulldogs_script.svg/1024px-Yale_Bulldogs_script.svg.png,https://a.espncdn.com/combiner/i?img=/i/teamlogos/ncaa/500/43.png
Xavier Musketeers,Xavier,Xavier,,Xavier,,,Xavier,Xavier,https://upload.wikimedia.org/wikipedia/commons/thumb/d/db/Xavier_Musketeers_logo.svg/301px-Xavier_Musketeers_logo.svg.png,https://a.espncdn.com/combiner/i?img=/i/teamlogos/ncaa/500/2752.png
NC State Wolfpack,NC State,NC State,152.0,North Carolina State,NC State,NC State,,,https://upload.wikimedia.org/wikipedia/commons/thumb/e/e1/North_Carolina_State_University_Athletic_logo.svg/202px-North_Carolina_State_University_Athletic_logo.svg.png,https://a.espncdn.com/combiner/i?img=/i/teamlogos/ncaa/500/152.png
Boston College Eagles,Boston College,Boston College,,,,,,,https://upload.wikimedia.org/wikipedia/en/thumb/9/96/Boston_College_Eagles_logo.svg/264px-Boston_College_Eagles_logo.svg.png,https://a.espncdn.com/combiner/i?img=/i/teamlogos/ncaa/500/103.png
Washington Huskies,Washington,Washington,,,,,,,https://upload.wikimedia.org/wikipedia/commons/thumb/1/17/Washington_Huskies_logo.svg/320px-Washington_Huskies_logo.svg.png,https://a.espncdn.com/combiner/i?img=/i/teamlogos/ncaa/500/264.png
LSU Tigers,LSU,LSU,,,,,,,https://upload.wikimedia.org/wikipedia/commons/thumb/4/4a/LSU_Athletics_logo.svg/220px-LSU_Athletics_logo.svg.png,https://a.espncdn.com/combiner/i?img=/i/teamlogos/ncaa/500/99.png
Arkansas Razorbacks,Arkansas,Arkansas,,Arkansas,,,Arkansas,Arkansas,https://upload.wikimedia.org/wikipedia/commons/thumb/8/81/Arkansas_Razorbacks_logo.svg/200px-Arkansas_Razorbacks_logo.svg.png,https://a.espncdn.com/combiner/i?img=/i/teamlogos/ncaa/500/8.png
UCF Knights,UCF,UCF,,,,,,,https://upload.wikimedia.org/wikipedia/commons/thumb/f/fd/UCF_Knights_logo.svg/299px-UCF_Knights_logo.svg.png,https://a.espncdn.com/combiner/i?img=/i/teamlogos/ncaa/500/2116.png
Penn State Nittany Lions,Penn St.,Penn St.,,,,,,,https://upload.wikimedia.org/wikipedia/en/thumb/3/3a/Penn_State_Nittany_Lions_logo.svg/320px-Penn_State_Nittany_Lions_logo.svg.png,https://a.espncdn.com/combiner/i?img=/i/teamlogos/ncaa/500/213.png
Memphis Tigers,Memphis,Memphis,,Memphis,Memphis,Memphis,Memphis,Memphis,https://a.espncdn.com/combiner/i?img=/i/teamlogos/ncaa/500/235.png&h=200&w=200,https://a.espncdn.com/combiner/i?img=/i/teamlogos/ncaa/500/235.png
VCU Rams,VCU,VCU,,VCU,,,VCU,VCU,https://upload.wikimedia.org/wikipedia/commons/thumb/b/bf/VCU_Rams_logo.svg/320px-VCU_Rams_logo.svg.png,https://a.espncdn.com/combiner/i?img=/i/teamlogos/ncaa/500/2670.png
North Texas Mean Green,North Texas,North Texas,,,,,,,https://upload.wikimedia.org/wikipedia/en/thumb/a/a2/North_Texas_Mean_Green_logo.svg/215px-North_Texas_Mean_Green_logo.svg.png,https://a.espncdn.com/combiner/i?img=/i/teamlogos/ncaa/500/249.png
Charleston Cougars,Charleston,Charleston,232.0,Charleston,Col. of Charleston,Col Charleston,,,https://upload.wikimedia.org/wikipedia/commons/thumb/0/05/College_of_Charleston_Cougars_logo.svg/206px-College_of_Charleston_Cougars_logo.svg.png,https://a.espncdn.com/combiner/i?img=/i/teamlogos/ncaa/500/232.png
Miami Hurricanes,Miami (FL),Miami (FL),,,,,,,https://upload.wikimedia.org/wikipedia/commons/thumb/e/e9/Miami_Hurricanes_logo.svg/320px-Miami_Hurricanes_logo.svg.png,https://a.espncdn.com/combiner/i?img=/i/teamlogos/ncaa/500/2390.png
Appalachian St Mountaineers,App State,App State,,,,,,,https://upload.wikimedia.org/wikipedia/commons/thumb/a/a9/Appalachian_State_Mountaineers_logo.svg/200px-Appalachian_State_Mountaineers_logo.svg.png,https://a.espncdn.com/combiner/i?img=/i/teamlogos/ncaa/500/2026.png
UNLV Rebels,UNLV,UNLV,,,,,,,https://upload.wikimedia.org/wikipedia/commons/thumb/f/f6/UNLV_Rebels_wordmark.svg/320px-UNLV_Rebels_wordmark.svg.png,https://a.espncdn.com/combiner/i?img=/i/teamlogos/ncaa/500/2439.png
Duquesne Dukes,Duquesne,Duquesne,2184.0,Duquesne,Duquesne,Duquesne,,,https://upload.wikimedia.org/wikipedia/commons/thumb/8/84/Duquesne_Dukes.svg/115px-Duquesne_Dukes.svg.png,https://a.espncdn.com/combiner/i?img=/i/teamlogos/ncaa/500/2184.png
UAB Blazers,UAB,UAB,5.0,UAB,UAB,UAB,,,https://upload.wikimedia.org/wikipedia/en/thumb/f/ff/UAB_Blazers_logo.svg/283px-UAB_Blazers_logo.svg.png,https://a.espncdn.com/combiner/i?img=/i/teamlogos/ncaa/500/5.png
Samford Bulldogs,Samford,Samford,2535.0,Samford,Samford,Samford,,,https://upload.wikimedia.org/wikipedia/en/thumb/b/b9/Samford_Bulldogs_logo.svg/320px-Samford_Bulldogs_logo.svg.png,https://a.espncdn.com/combiner/i?img=/i/teamlogos/ncaa/500/2535.png
Morehead St Eagles,Morehead St,Morehead St,2413.0,Morehead State,Morehead St.,Morehead St,,,https://upload.wikimedia.org/wikipedia/en/thumb/1/12/Morehead_State_Eagles_logo.svg/243px-Morehead_State_Eagles_logo.svg.png,https://a.espncdn.com/combiner/i?img=/i/teamlogos/ncaa/500/2413.png
Oakland Golden Grizzlies,Oakland,Oakland,2473.0,Oakland,Oakland,Oakland,,,https://upload.wikimedia.org/wikipedia/en/thumb/8/86/Oakland_Golden_Grizzlies_logo.svg/303px-Oakland_Golden_Grizzlies_logo.svg.png,https://a.espncdn.com/combiner/i?img=/i/teamlogos/ncaa/500/2473.png
Vermont Catamounts,Vermont,Vermont,261.0,Vermont,Vermont,Vermont,,,https://upload.wikimedia.org/wikipedia/en/thumb/3/34/Vermont_Catamounts_logo.svg/246px-Vermont_Catamounts_logo.svg.png,https://a.espncdn.com/combiner/i?img=/i/teamlogos/ncaa/500/261.png
Akron Zips,Akron,Akron,2006.0,Akron,Akron,Akron,Akron,Akron,https://upload.wikimedia.org/wikipedia/commons/thumb/3/3c/Akron_Zips_logo.svg/200px-Akron_Zips_logo.svg.png,https://a.espncdn.com/combiner/i?img=/i/teamlogos/ncaa/500/2006.png
Long Beach St 49ers,Long Beach St,Long Beach St,299.0,Long Beach State,Long Beach St.,Long Beach St,,,https://upload.wikimedia.org/wikipedia/commons/thumb/2/29/Long_Beach_State_Athletics_logo.svg/197px-Long_Beach_State_Athletics_logo.svg.png,https://a.espncdn.com/combiner/i?img=/i/teamlogos/ncaa/500/299.png
Grambling St Tigers,Grambling St,Grambling St,2755.0,Grambling State,Grambling,Grambling,,,https://upload.wikimedia.org/wikipedia/commons/thumb/1/1b/Grambling_State_Tigers_logo.svg/320px-Grambling_State_Tigers_logo.svg.png,https://a.espncdn.com/combiner/i?img=/i/teamlogos/ncaa/500/2755.png
Longwood Lancers,Longwood,Longwood,2344.0,Longwood,Longwood,Longwood,,,https://upload.wikimedia.org/wikipedia/en/thumb/5/5f/Longwood_Lancers_logo.svg/320px-Longwood_Lancers_logo.svg.png,https://a.espncdn.com/combiner/i?img=/i/teamlogos/ncaa/500/2344.png
Stetson Hatters,Stetson,Stetson,56.0,Stetson,Stetson,Stetson,,,https://upload.wikimedia.org/wikipedia/en/1/17/Stetson_Hatters_logo_%282018%29.png,https://a.espncdn.com/combiner/i?img=/i/teamlogos/ncaa/500/56.png
Wagner Seahawks,Wagner,Wagner,2681.0,Wagner,Wagner,Wagner,,,https://upload.wikimedia.org/wikipedia/en/thumb/6/63/Wagner_Seahawks_logo.svg/320px-Wagner_Seahawks_logo.svg.png,https://a.espncdn.com/combiner/i?img=/i/teamlogos/ncaa/500/2681.png
Colgate Raiders,Colgate,Colgate,2142.0,Colgate,Colgate,Colgate,,,https://upload.wikimedia.org/wikipedia/commons/thumb/e/ef/Colgate_Raiders_logo.svg/189px-Colgate_Raiders_logo.svg.png,https://a.espncdn.com/combiner/i?img=/i/teamlogos/ncaa/500/2142.png
Montana St Bobcats,Montana St,Montana St,147.0,Montana State,Montana St.,Montana St,,,https://upload.wikimedia.org/wikipedia/en/thumb/2/2f/Montana_State_Bobcats_logo.svg/320px-Montana_State_Bobcats_logo.svg.png,https://a.espncdn.com/combiner/i?img=/i/teamlogos/ncaa/500/147.png
Howard Bison,Howard,Howard,47.0,Howard,Howard,Howard,,,https://upload.wikimedia.org/wikipedia/en/thumb/b/b4/Howard_Bison_logo.svg/186px-Howard_Bison_logo.svg.png,https://a.espncdn.com/combiner/i?img=/i/teamlogos/ncaa/500/47.png
Saint Peter's Peacocks,Saint Peters,Saint Peters,2612.0,St. Peter's,Saint Peter's,St Peter's,,,https://upload.wikimedia.org/wikipedia/en/9/97/Saint_Peter%27s_Peacocks_logo.svg,https://a.espncdn.com/combiner/i?img=/i/teamlogos/ncaa/500/2612.png
Western Kentucky Hilltoppers,Western KY,Western KY,98.0,Western Kentucky,Western Ky.,WKU,,,https://upload.wikimedia.org/wikipedia/en/thumb/1/1d/WKU_Athletics_logo.svg/320px-WKU_Athletics_logo.svg.png,https://a.espncdn.com/combiner/i?img=/i/teamlogos/ncaa/500/98.png
South Dakota St Jackrabbits,S Dakota St,S Dakota St,2571.0,South Dakota State,South Dakota St.,S Dakota St,,,https://upload.wikimedia.org/wikipedia/en/thumb/2/25/South_Dakota_State_Jackrabbits_logo.svg/315px-South_Dakota_State_Jackrabbits_logo.svg.png,https://a.espncdn.com/combiner/i?img=/i/teamlogos/ncaa/500/2571.png
Missouri Tigers,Missouri,Missouri,,Missouri,,,Missouri,Missouri,https://upload.wikimedia.org/wikipedia/en/thumb/2/2c/Missouri_Tigers_logo.svg/315px-Missouri_Tigers_logo.svg.png,https://a.espncdn.com/combiner/i?img=/i/teamlogos/ncaa/500/142.png
Bryant Bulldogs,Bryant,Bryant,,Bryant,,,Bryant,Bryant,https://upload.wikimedia.org/wikipedia/en/thumb/c/ca/Bryant_Bulldogs_logo.svg/296px-Bryant_Bulldogs_logo.svg.png,https://a.espncdn.com/combiner/i?img=/i/teamlogos/ncaa/500/2803.png
High Point Panthers,High Point,High Point,,High Point,,,High Point,High Point,https://upload.wikimedia.org/wikipedia/commons/thumb/2/2c/High_Point_Panthers_logo.svg/320px-High_Point_Panthers_logo.svg.png,https://a.espncdn.com/combiner/i?img=/i/teamlogos/ncaa/500/2272.png
Liberty Flames,Liberty,Liberty,,Liberty,,,Liberty,Liberty,https://upload.wikimedia.org/wikipedia/en/thumb/8/80/Liberty_Flames_logo.svg/266px-Liberty_Flames_logo.svg.png,https://a.espncdn.com/combiner/i?img=/i/teamlogos/ncaa/500/2335.png
Lipscomb Bisons,Lipscomb,Lipscomb,,Lipscomb,,,Lipscomb,Lipscomb,https://upload.wikimedia.org/wikipedia/commons/1/1c/Lipscomb_L.png,https://a.espncdn.com/combiner/i?img=/i/teamlogos/ncaa/500/288.png
Montana Grizzlies,Montana,Montana,,Montana,,,Montana,Montana,https://upload.wikimedia.org/wikipedia/commons/thumb/3/3b/Montana_Griz_logo.svg/320px-Montana_Griz_logo.svg.png,https://a.espncdn.com/combiner/i?img=/i/teamlogos/ncaa/500/149.png
Mt. St. Mary's Mountaineers,Mount St. Mary's,Mount St. Mary's,,Mount St. Mary's (MD),,,Mount St. Mary's,Mount St. Mary's,https://upload.wikimedia.org/wikipedia/en/thumb/7/7b/Mount_St._Mary%27s_Mountaineers_logo.svg/320px-Mount_St._Mary%27s_Mountaineers_logo.svg.png,https://a.espncdn.com/combiner/i?img=/i/teamlogos/ncaa/500/116.png
UNC Wilmington Seahawks,UNC Wilmington,UNC Wilmington,,UNC Wilmington,,,UNC Wilmington,UNC Wilmington,https://upload.wikimedia.org/wikipedia/en/thumb/6/6f/UNC_Wilmington_Seahawks_logo.svg/211px-UNC_Wilmington_Seahawks_logo.svg.png,https://a.espncdn.com/combiner/i?img=/i/teamlogos/ncaa/500/350.png
Omaha Mavericks,Nebraska Omaha,Nebraska Omaha,,Omaha,,,Nebraska Omaha,Nebraska Omaha,https://upload.wikimedia.org/wikipedia/commons/thumb/7/73/Omaha_Mavericks_logo.svg/246px-Omaha_Mavericks_logo.svg.png,https://a.espncdn.com/combiner/i?img=/i/teamlogos/ncaa/500/2437.png
Norfolk St Spartans,Norfolk St.,Norfolk St.,,Norfolk St.,,,Norfolk St.,Norfolk St.,https://upload.wikimedia.org/wikipedia/en/thumb/7/78/Norfork_State_Spartans_logo.svg/240px-Norfork_State_Spartans_logo.svg.png,https://a.espncdn.com/combiner/i?img=/i/teamlogos/ncaa/500/2450.png
Robert Morris Colonials,Robert Morris,Robert Morris,,Robert Morris,,,Robert Morris,Robert Morris,https://upload.wikimedia.org/wikipedia/en/thumb/a/af/Robert_Morris_Colonials_logo.svg/208px-Robert_Morris_Colonials_logo.svg.png,https://a.espncdn.com/combiner/i?img=/i/teamlogos/ncaa/500/2523.png
SIU-Edwardsville Cougars,SIUE,SIUE,,SIU Edwardsville,,,SIUE,SIUE,https://upload.wikimedia.org/wikipedia/commons/thumb/5/51/SIUE_Cougars_logo.svg/400px-SIUE_Cougars_logo.svg.png,https://a.espncdn.com/combiner/i?img=/i/teamlogos/ncaa/500/2565.png
St. Francis (PA) Red Flash,Saint Francis,Saint Francis,,Saint Francis (PA),,,Saint Francis,Saint Francis,https://upload.wikimedia.org/wikipedia/commons/thumb/1/10/Saint_Francis_Red_Flash_logo.svg/320px-Saint_Francis_Red_Flash_logo.svg.png,https://a.espncdn.com/combiner/i?img=/i/teamlogos/ncaa/500/2598.png
Troy Trojans,Troy,Troy,,Troy,,,Troy,Troy,https://upload.wikimedia.org/wikipedia/commons/3/34/Troy_Trojans_logo.svg,https://a.espncdn.com/combiner/i?img=/i/teamlogos/ncaa/500/2653.png
Wofford Terriers,Wofford,Wofford,,Wofford,,,Wofford,Wofford,https://upload.wikimedia.org/wikipedia/en/thumb/5/5b/Wofford_Terriers_logo.svg/217px-Wofford_Terriers_logo.svg.png,https://a.espncdn.com/combiner/i?img=/i/teamlogos/ncaa/500/2747.png
Vanderbilt Commodores,Vanderbilt,Vanderbilt,,Vanderbilt,,,Vanderbilt,Vanderbilt,https://upload.wikimedia.org/wikipedia/commons/thumb/6/61/Vanderbilt_Commodores_logo.svg/246px-Vanderbilt_Commodores_logo.svg.png,https://a.espncdn.com/combiner/i?img=/i/teamlogos/ncaa/500/238.png
UC San Diego Tritons,UC San Diego,UC San Diego,,UC San Diego,,,UC San Diego,UC San Diego,https://ucsdtritons.com/images/logos/site/site.png,https://a.espncdn.com/combiner/i?img=/i/teamlogos/ncaa/500/28.png
Alabama St Hornets,Alabama St.,Alabama St.,,Alabama St.,,,Alabama St.,Alabama St.,https://upload.wikimedia.org/wikipedia/en/thumb/7/7f/Alabama_State_Hornets_logo.svg/320px-Alabama_State_Hornets_logo.svg.png,https://a.espncdn.com/combiner/i?img=/i/teamlogos/ncaa/500/2011.png
American Eagles,American,American,,American,,,American,American,https://upload.wikimedia.org/wikipedia/commons/thumb/f/f3/American_Eagles_logo.svg/240px-American_Eagles_logo.svg.png,https://a.espncdn.com/combiner/i?img=/i/teamlogos/ncaa/500/44.png
Louisville Cardinals,Louisville,Louisville,,Louisville,,,Louisville,Louisville,https://upload.wikimedia.org/wikipedia/en/thumb/5/59/Louisville_Cardinals_logo.svg/218px-Louisville_Cardinals_logo.svg.png,https://a.espncdn.com/combiner/i?img=/i/teamlogos/ncaa/500/97.png
Michigan Wolverines,Michigan,Michigan,,Michigan,,,Michigan,Michigan,https://a.espncdn.com/combiner/i?img=/i/teamlogos/ncaa/500/130.png,https://a.espncdn.com/combiner/i?img=/i/teamlogos/ncaa/500/130.png
Indiana Hoosiers,Indiana,Indiana,,,,,,,https://a.espncdn.com/combiner/i?img=/i/teamlogos/ncaa/500/84.png,https://a.espncdn.com/combiner/i?img=/i/teamlogos/ncaa/500/84.png
Saint Louis Billikens,Saint Louis,Saint Louis,,,,,,,https://a.espncdn.com/combiner/i?img=/i/teamlogos/ncaa/500/139.png,https://a.espncdn.com/combiner/i?img=/i/teamlogos/ncaa/500/139.png
West Virginia Mountaineers,West Virginia,West Virginia,,,,,,,https://a.espncdn.com/combiner/i?img=/i/teamlogos/ncaa/500/277.png,https://a.espncdn.com/combiner/i?img=/i/teamlogos/ncaa/500/277.png
Santa Clara Broncos,Santa Clara,Santa Clara,,,,,,,https://a.espncdn.com/combiner/i?img=/i/teamlogos/ncaa/500/2541.png,https://a.espncdn.com/combiner/i?img=/i/teamlogos/ncaa/500/2541.png
Miami (OH) RedHawks,Miami (OH),Miami (OH),,,,,,,https://a.espncdn.com/combiner/i?img=/i/teamlogos/ncaa/500/193.png,https://a.espncdn.com/combiner/i?img=/i/teamlogos/ncaa/500/193.png
Northern Iowa Panthers,Northern Iowa,Northern Iowa,,,,,,,,https://a.espncdn.com/combiner/i?img=/i/teamlogos/ncaa/500/2460.png
Hofstra Pride,Hofstra,Hofstra,,,,,,,,https://a.espncdn.com/combiner/i?img=/i/teamlogos/ncaa/500/2275.png
Tennessee St Tigers,Tennessee State,Tennessee State,,,,,,,,https://a.espncdn.com/combiner/i?img=/i/teamlogos/ncaa/500/2634.png
LIU Sharks,LIU,LIU,,,,,,,,https://a.espncdn.com/combiner/i?img=/i/teamlogos/ncaa/500/112358.png
Queens University Royals,Queens,Queens,,,,,,,,https://a.espncdn.com/combiner/i?img=/i/teamlogos/ncaa/500/2511.png
Furman Paladins,Furman,Furman,,,,,,,,https://a.espncdn.com/combiner/i?img=/i/teamlogos/ncaa/500/231.png
Wright St Raiders,Wright State,Wright State,,,,,,,,https://a.espncdn.com/combiner/i?img=/i/teamlogos/ncaa/500/2750.png
Siena Saints,Siena,Siena,,,,,,,,https://a.espncdn.com/combiner/i?img=/i/teamlogos/ncaa/500/2561.png
Prairie View Panthers,Prairie View,Prairie View,,,,,,,,https://a.espncdn.com/combiner/i?img=/i/teamlogos/ncaa/500/2504.png
Kennesaw St Owls,Kennesaw State,Kennesaw State,,,,,,,,https://a.espncdn.com/combiner/i?img=/i/teamlogos/ncaa/500/338.png